2018-11-06 15:35:30,RT @INF_UFRGS: Inscri√ß√µes abertas para Oficina de Prepara√ß√£o no CEI https://t.co/9AsSeufBkx #INF #UFRGS
2018-11-06 12:41:44,Inscri√ß√µes abertas para Oficina de Prepara√ß√£o no CEI https://t.co/9AsSeufBkx #INF #UFRGS
2018-11-06 12:24:29,Estou aqui na UFRGS para a Jornada de Estudos em Historias em Quadrinhos. Expondo com a mesa mais bem organizada ev‚Ä¶ https://t.co/Cn59Niir7K
2018-11-06 00:49:50,Uma lixeira. Um centro de antaniza√ß√£o da nossa juventude. Essa galera da #UFRGS s√£o apenas v√≠timas desse comando ve‚Ä¶ https://t.co/m7k93P9Ttc
2018-11-05 23:42:35,"R. I. P. professor Fernando. Suas sementes est√£o enriquecendo o mundo. Obrigada üåºüíê‚òÄÔ∏èüåª
.
.
.
.
.
.
.
.
#professor‚Ä¶ https://t.co/PhhdOv8c3B"
2018-11-05 16:25:33,"RT @nespro_ufrgs: Parab√©ns a Dra Cristiane! Agora segue em uma nova etapa, novos desafios e novas conquistas! Muito obrigado por fazer part‚Ä¶"
2018-11-05 16:19:03,"Parab√©ns a Dra Cristiane! Agora segue em uma nova etapa, novos desafios e novas conquistas! Muito obrigado por faze‚Ä¶ https://t.co/IURXVaENMA"
2018-11-03 16:54:40,"Inscrito em mais um curso da UFRGS. Antes que i Coiso acabe com o ensino superior p√∫blico. 
#racismo #ufrgs‚Ä¶ https://t.co/rSFJcc1lJN"
2018-11-02 06:21:55,Resisti a mais uma festa do campo de p√∫blicas no Rio!  ‚úä Eu sou um fen√¥meno!  #ADMPS #UFRGS #UFRJ #EFECAP
2018-11-01 12:50:11,Mestrado PPGC: √∫ltimos dias de inscri√ß√£o https://t.co/cwDkE0B768 #INF #UFRGS
2018-10-31 17:36:28,"Pesquisa Parques Urbanos e Ciclistas
Question√°rio: https://t.co/xN2Y91I2WW ‚Ä¶

#poa #portoalegre #ciclista‚Ä¶ https://t.co/BGk2ZEhkBo"
2018-10-31 17:26:56,RT @INF_UFRGS: Pesquisa do INF √© premiada por programa do Google https://t.co/tdCn3TqF9f #INF #UFRGS
2018-10-31 15:10:50,RT @INF_UFRGS: Pesquisa do INF √© premiada por programa do Google https://t.co/tdCn3TqF9f #INF #UFRGS
2018-10-31 14:11:03,Pesquisa do INF √© premiada por programa do Google https://t.co/tdCn3TqF9f #INF #UFRGS
2018-10-31 12:43:39,"Hoje √† noite, na Faculdade de Direito da UFRGS, em Porto Alegre. Passa l√°!  #lgpd #gdpr #ufrgs #prote√ß√£odedados‚Ä¶ https://t.co/hHaLOInz2s"
2018-10-31 12:40:48,"Hoje √† noite, na UFRGS. Passa l√°!

 #lgpd #gdpr #ufrgs #prote√ß√£odedados #dataprotection #crisismanagement em Porto‚Ä¶ https://t.co/qcjj4mqYmI"
2018-10-31 11:18:26,Dia de evoluir o projeto de disserta√ß√£o! #Bora #Mestrado #Pol√≠ticasP√∫blicas #UFRGS
2018-10-30 20:15:43,"RODA DE CONVERSA COM #BANCOSCOMUNIT√ÅRIOS DE #PORTOALEGRE ~ amanh√£, quarta, √† tardinha, na #UFRGS https://t.co/X3NmBCYDLX"
2018-10-30 11:49:13,Uma foto de babador para dar um up na sua ter√ßa-feira! #vaiterformatura #tccendo #ufrgs #fabico #rppornatureza em P‚Ä¶ https://t.co/5GcABBtPsC
2018-10-29 16:47:15,Prof. Andr√© Grahl ganha o pr√™mio de melhor tese no BRACIS https://t.co/0Tp2LgYAlh #INF #UFRGS
2018-10-29 16:46:15,#inova√ß√£oUFRGS Assista a webs√©rie da Maratona de Empreendedorismo da #UFRGS - Epis√≥dio 8 dispon√≠vel em:‚Ä¶ https://t.co/Z1pdFCGaLN
2018-10-29 11:00:13,Link para o Jornal da Universidade de outubro #UFRGS no #BlogdaBCUFRGS https://t.co/QAAZIK72ej https://t.co/vbgeLmgfXN
2018-10-27 22:39:01,Se sou uma boa professora de hist√≥ria √© porque tive √ìTIMOS professores na minha forma√ß√£o. Que orgulho ser aluna dos‚Ä¶ https://t.co/WpQhvLWnwA
2018-10-27 16:45:31,"Aquela m√°xima porto-alegrense de ""atravessa a Osvaldo Aranha, entra no Parque Farroupilha"".  

#vaiterformatura‚Ä¶ https://t.co/UdNkn08dSd"
2018-10-27 15:26:33,"O programa ""Desafio Sob Fogo"" (Forged In Fire) nos apresenta um pouco dessa arte que acompanha a civiliza√ß√£o desde‚Ä¶ https://t.co/zxQaFO05Oq"
2018-10-27 14:39:15,"√â um processo ainda pouco conhecido industriamente, mas com o investimento em pesquisa pode se tornar uma grande al‚Ä¶ https://t.co/1gTTdU4jmM"
